ticker,date,text,textblob_polarity,textblob_subjectivity,finbert_label,finbert_score,spacy_similarity
MDB,2024-03-16,"Robust revenue growth with a significant increase in subscription services.

Strategic focus on MongoDB Atlas and Enterprise Advanced to drive future expansion.

Competitive landscape intensifies with the evolution of database technologies.

Global economic uncertainties pose potential risks to MongoDB's growth trajectory.

On March 15, 2024, MongoDB Inc (NASDAQ:MDB) released its 10-K filing, providing a comprehensive overview of its financial performance and strategic positioning. Founded in 2007, MongoDB has established itself as a leading document-oriented database provider, serving nearly 33,000 paying customers and over 1.5 million free users. The company's financial tables reveal a year-over-year revenue increase from $1,284.04 million in 2023 to $1,683.01 million in 2024, with subscription services accounting for 97% of the total revenue. Despite the impressive revenue growth, MongoDB reported a net loss of $(176.60 million) in 2024, an improvement from the previous year's $(345.40 million). The company's strategic focus on MongoDB Atlas and MongoDB Enterprise Advanced, which represented 66% and 26% of total revenue respectively, underscores its commitment to expanding its market share in the database sector. However, the competitive landscape continues to evolve, and global economic uncertainties present potential risks to MongoDB's growth trajectory.

Strengths

Market Leadership and Revenue Growth: MongoDB Inc (NASDAQ:MDB) has demonstrated a strong market presence with its innovative document-based database architecture, which has translated into robust revenue growth. The company's subscription revenue has seen a significant increase, rising from $1,235.12 million in 2023 to $1,627.33 million in 2024. This growth is primarily driven by MongoDB Atlas, which accounted for 66% of the total revenue in the fiscal year 2024. The platform's ability to meet the diverse needs of modern applications has positioned MongoDB as a leader in the NoSQL database market. The company's continued investment in product innovation, such as the introduction of new features and capabilities, has further solidified its competitive advantage and attracted a loyal customer base.

Strong Intellectual Property Portfolio: MongoDB Inc's strategic decision to own the intellectual property of its core offerings has allowed the company to maintain control over its product roadmap and differentiate itself from competitors. As of January 31, 2024, MongoDB held 77 issued patents in the United States, with an additional 35 patent applications pending. This robust intellectual property portfolio not only protects the company's innovations but also enhances its ability to monetize its offerings and secure a long-term competitive edge in the database software market.

Weaknesses

History of Net Losses: Despite its revenue growth, MongoDB Inc has reported a history of net losses, with a net loss of $(176.60 million) in 2024. This indicates a need for the company to improve its cost management and move towards profitability. The substantial investments in sales and marketing, which accounted for 47% of the total revenue, and research and development, which accounted for 31%, highlight the company's aggressive growth strategy. However, this approach has yet to yield a profitable outcome, suggesting that MongoDB may need to reassess its spending to achieve a more sustainable financial model.

Dependence on MongoDB Atlas: The company's reliance on MongoDB Atlas as a significant revenue source could be a potential weakness. While MongoDB Atlas has been a growth driver, accounting for 66% of the total revenue, this dependence makes the company vulnerable to any disruptions or competitive pressures that may affect the platform's performance. Diversifying revenue streams could mitigate this risk and provide a more stable financial foundation for MongoDB Inc.

Opportunities

Expansion into Emerging Markets: MongoDB Inc has the opportunity to expand its global footprint, particularly in emerging markets where digital transformation is accelerating. With 46% of its revenue generated outside the United States in 2024, the company is well-positioned to capitalize on the growing demand for database solutions worldwide. By leveraging its existing partnerships and cultivating new relationships, MongoDB can tap into new customer segments and drive international growth.

Leveraging AI and Machine Learning: The integration of artificial intelligence (AI) and machine learning (ML) capabilities into MongoDB's offerings presents a significant opportunity for the company. As businesses increasingly seek to harness the power of AI and ML for data analysis and decision-making, MongoDB can enhance its platform to meet these evolving needs. By pioneering industry-first encrypted search schemes and integrating with AI services from major cloud providers, MongoDB is poised to lead the market in AI-driven database solutions.

Threats

Intensifying Competition: The database software market is rapidly evolving, with new entrants and established players vying for market share. MongoDB Inc faces stiff competition from legacy providers like IBM, Microsoft, and Oracle, as well as cloud providers offering database services. These competitors have significant financial and technical resources, which could challenge MongoDB's market position. The company must continue to innovate and differentiate its offerings to maintain its competitive edge.

Global Economic Uncertainties: MongoDB Inc's growth prospects could be impacted by global economic uncertainties, including inflationary pressures, rising interest rates, and geopolitical risks. Such conditions could lead to reduced IT spending and delay business investments, adversely affecting MongoDB's revenue and expansion plans. The company must navigate these challenges carefully to sustain its growth trajectory.

In conclusion, MongoDB Inc (NASDAQ:MDB) exhibits a strong market position with its innovative database solutions and impressive revenue growth. The company's robust intellectual property portfolio and strategic focus on product development are key strengths that position it well for future success. However, MongoDB's history of net losses and dependence on MongoDB Atlas are areas

This article, generated by GuruFocus, is designed to provide general insights and is not tailored financial advice. Our commentary is rooted in historical data and analyst projections, utilizing an impartial methodology, and is not intended to serve as specific investment guidance. It does not formulate a recommendation to purchase or divest any stock and does not consider individual investment objectives or financial circumstances. Our objective is to deliver long-term, fundamental data-driven analysis. Be aware that our analysis might not incorporate the most recent, price-sensitive company announcements or qualitative information. GuruFocus holds no position in the stocks mentioned herein.

This article first appeared on GuruFocus.",0.13353848532419962,0.4355477855477855,Positive,1.0,0.4452488710552251
MDB,2024-03-07,"MDB240308C00350000 ( MDB240308C00350000 ) Stock Price , News , Quote & History",0.0,0.0,Neutral,0.9999971389770508,0.3835979764414104
MDB,2024-03-07,"MDB240308P00307500 ( MDB240308P00307500 ) Stock Price , News , Quote & History",0.0,0.0,Neutral,0.9999971389770508,0.3835979764414104
MDB,2024-03-04,MDB240308P00327500 ( MDB240308P00327500 ) Interactive Stock Chart,0.0,0.0,Neutral,0.9999995231628418,0.125185930228933
MDB,2024-03-02,MDB240308P00312500 ( MDB240308P00312500 ) Interactive Stock Chart,0.0,0.0,Neutral,0.9999991655349731,0.125185930228933
MDB,2024-02-29,"Sign in to access your portfolio

Sign in",0.0,0.0,Neutral,0.9997987151145935,0.31402883682007277
MDB,2024-06-01,"Robust subscription revenue growth despite economic headwinds.

Consistent investment in sales and marketing to fuel expansion.

Challenges in maintaining service level commitments amidst rapid scaling.

International operations expose the company to geopolitical risks.

On May 31, 2024, MongoDB Inc (NASDAQ:MDB), a leader in document-oriented database solutions, filed its 10-Q report, revealing a detailed look into its financial performance and strategic positioning. Despite a challenging macroeconomic environment, MongoDB Inc has demonstrated resilience with a notable increase in subscription revenue from $354,714 in 2023 to $436,896 in 2024. The company's commitment to investing in sales and marketing is evident, with a substantial portion of operating expenses allocated to these areas. However, the company's rapid growth trajectory has put pressure on its ability to maintain service level commitments, a factor critical to customer satisfaction and retention. Furthermore, MongoDB Inc's extensive international operations expose it to the risks associated with geopolitical tensions and economic instability, which could impact its global revenue streams.

Warning! GuruFocus has detected 6 Warning Signs with TGT.

Strengths

Robust Subscription Revenue Growth: MongoDB Inc's strength lies in its impressive subscription revenue growth, which has surged from $354,714 in 2023 to $436,896 in 2024. This growth is indicative of the company's successful land-and-expand strategy, where it focuses on not only acquiring new customers but also expanding its footprint within existing customer bases. The ability to consistently grow its annualized recurring revenue (ARR) and monthly recurring revenue (MRR) reflects the company's strong market position and the high demand for its NoSQL database solutions.

Strategic Sales and Marketing Investments: MongoDB Inc has made significant investments in its sales and marketing efforts, which have been instrumental in driving customer acquisition and retention. With operating expenses in sales and marketing reaching $219,444 in 2024, the company has demonstrated a clear strategy to fuel growth through targeted outreach and customer engagement initiatives. These investments have not only helped in increasing the number of customers with $100,000 or greater in ARR and annualized MRR but also in maintaining a net ARR expansion rate consistently over 120%, showcasing the company's ability to grow its customer base and deepen relationships with existing clients.

Weaknesses

Service Level Commitment Pressures: As MongoDB Inc scales rapidly, maintaining its service level commitments has become a challenge. The company's MongoDB Enterprise Advanced customers expect guaranteed response times and comprehensive coverage, while MongoDB Atlas users demand high uptime. Any failure to meet these commitments could significantly affect customer satisfaction, potentially leading to customer attrition and negatively impacting the company's reputation and financial health.

Dependence on MongoDB Atlas: With more than the majority of MongoDB Inc's revenue derived from MongoDB Atlas, the company's financial performance is heavily reliant on the success of this offering. While this dependence underscores the strength of MongoDB Atlas in the market, it also poses a risk. Any issues with customer satisfaction, competitive pressures, or technological shifts could disproportionately affect the company's overall performance and growth prospects.

Opportunities

Expanding Cloud Infrastructure: The ongoing shift towards cloud computing presents MongoDB Inc with significant opportunities to expand its MongoDB Atlas services. Partnerships with cloud infrastructure providers, like the one with Tencent Cloud, enable MongoDB Inc to reach a broader global audience and capitalize on the growing demand for cloud-based database solutions. This expansion strategy can lead to increased market share and revenue in the rapidly growing cloud services sector.

International Market Penetration: MongoDB Inc's international operations, which account for a substantial portion of its revenue, offer a pathway for growth outside the United States. By continuing to adapt and localize its offerings for specific countries and regions, MongoDB Inc can tap into new markets, diversify its revenue streams, and mitigate the risks associated with over-reliance on any single market.

Threats

Macroeconomic Instability: The company has acknowledged the negative impact of the macroeconomic environment on the growth of existing Atlas applications, which has affected revenue growth. With expectations that these conditions will persist, MongoDB Inc faces the threat of reduced technology spending by clients, potentially leading to slower revenue growth and challenges in customer acquisition and expansion.

Geopolitical Risks: MongoDB Inc's international presence exposes it to geopolitical risks, including trade laws, political instability, and economic sanctions. These factors can lead to decreased use of MongoDB Inc's offerings or limitations on its ability to export or sell its products, adversely affecting its operations and financial results. Additionally, the company must navigate the complexities of operating in multiple legal and regulatory environments, which can increase costs and operational challenges.

In conclusion, MongoDB Inc (NASDAQ:MDB) exhibits a strong financial foundation with robust subscription revenue growth and strategic investments in sales and marketing. However, the company must address the pressures of maintaining service level commitments and its heavy reliance on MongoDB Atlas. Opportunities in cloud infrastructure expansion and international markets are promising, but MongoDB Inc must carefully manage the threats posed by macroeconomic instability and geopolitical risks. By leveraging its strengths and addressing its weaknesses, MongoDB Inc can capitalize on the opportunities and mitigate the threats in its path, positioning itself for sustained growth and success in the competitive database market.

This article, generated by GuruFocus, is designed to provide general insights and is not tailored financial advice. Our commentary is rooted in historical data and analyst projections, utilizing an impartial methodology, and is not intended to serve as specific investment guidance. It does not formulate a recommendation to purchase or divest any stock and does not consider individual investment objectives or financial circumstances. Our objective is to deliver long-term, fundamental data-driven analysis. Be aware that our analysis might not incorporate the most recent, price-sensitive company announcements or qualitative information. GuruFocus holds no position in the stocks mentioned herein.

This article first appeared on GuruFocus.",0.11076079326079331,0.3708789633789633,Positive,0.9999902248382568,0.4332620915614924
MDB,2024-05-31,"Sector-wise, the Real Estate Select Sector SPDR Fund (NYSE:XLRE) outperformed, up by 1.6%, while the Technology Select Sector SPDR Fund (NYSE:XLK) lagged, down 1.5%.

MongoDB Inc. (NASDAQ:MDB) plummeted 23%, eyeing the worst day since September 2022, after the company issued weak guidance for the upcoming quarter as well as for the fiscal-year 2025.

Other stocks reacting to earnings were Costco Corp. (NASDAQ:COST) down 2.5%, Dell Technologies Inc. (NYSE:DELL) down 20%, Marvell Technology Inc. (NASDAQ:MRVL) down 11%, Veeva Systems Inc. (NYSE:VEEV) down 11%, NetApp Inc. (NASDAQ:NTAP) up 0.6%, Zscaler Inc. (NASDAQ:ZS) up 7%, Ulta Beauty Inc. (NASDAQ:ULTA) up 0.9%, The Cooper Companies Inc. (NASDAQ:COO) up 3.7%, and SentinelOne Inc. (NYSE:S) down 12%.",-0.22333333333333338,0.4033333333333333,Negative,0.997127115726471,0.456217285456051
MDB,2024-05-30,"Sign in to access your portfolio

Sign in",0.0,0.0,Neutral,0.9997987151145935,0.31402883682007277
MDB,2024-05-30,Dell Escapes Nvidia Shadow as Its Own AI Tailwinds Accelerate,0.6,1.0,Positive,0.6819350123405457,0.45344691096867845
MDB,2024-04-04,"On April 1, 2024, Director Hope Cochran executed a sale of 2,175 shares of MongoDB Inc (NASDAQ:MDB), as reported in a recent SEC Filing. The transaction was carried out at a stock price of $363.14 per share, which resulted in a total value of $789,329.50.

Warning! GuruFocus has detected 4 Warning Signs with ZUO.

MongoDB Inc (NASDAQ:MDB) is a technology company that specializes in database solutions. The company's platform is designed to support the development of applications across a range of industries by providing a scalable, flexible, and sophisticated database structure. MongoDB's services are utilized by a variety of clients, from startups to large enterprises, to manage and process large sets of data in a more efficient and adaptable manner.

Over the past year, the insider, Hope Cochran, has sold a total of 12,698 shares of MongoDB Inc and has not made any purchases of the stock. This latest transaction continues the trend of insider sales for the company, with a total of 65 insider sells and no insider buys reported over the same period.

The market capitalization of MongoDB Inc stands at $24.749 billion, reflecting the aggregate value of the company's outstanding shares.

According to the data provided by GuruFocus, the stock of MongoDB Inc is currently trading below its GF Value, with a price-to-GF-Value ratio of 0.75. This indicates that the stock is significantly undervalued based on its GF Value of $486.29. The GF Value is a proprietary valuation metric developed by GuruFocus, which takes into account historical trading multiples, an adjustment factor based on the company's historical performance, and future business projections provided by Morningstar analysts.

The insider selling activity at MongoDB Inc (NASDAQ:MDB) may be of interest to investors monitoring insider behaviors as an indicator of company performance and valuation. However, it is important to consider a wide range of factors when evaluating the implications of insider transactions.

This article, generated by GuruFocus, is designed to provide general insights and is not tailored financial advice. Our commentary is rooted in historical data and analyst projections, utilizing an impartial methodology, and is not intended to serve as specific investment guidance. It does not formulate a recommendation to purchase or divest any stock and does not consider individual investment objectives or financial circumstances. Our objective is to deliver long-term, fundamental data-driven analysis. Be aware that our analysis might not incorporate the most recent, price-sensitive company announcements or qualitative information. GuruFocus holds no position in the stocks mentioned herein.",0.11785714285714285,0.41394009216589867,Neutral,0.9999983310699463,0.4123453859073403
MDB,2024-04-04,"MongoDB Inc (NASDAQ:MDB), a leading modern, general-purpose database platform, has reported an insider sale according to a recent SEC filing. Chief Revenue Officer Cedric Pech sold 6,156 shares of the company on April 3, 2024. The transaction was disclosed in a legal filing with the Securities & Exchange Commission, which is available through this SEC Filing.Over the past year, the insider has sold a total of 62,142 shares of MongoDB Inc and has not made any insider purchases. This latest transaction continues a trend of insider sales at the company, with a total of 65 insider sells and no insider buys over the past year.

On the day of the sale, shares of MongoDB Inc were trading at $344.46, giving the company a market capitalization of $24.749 billion. This valuation comes in the context of MongoDB Inc's stock being considered Significantly Undervalued according to the GuruFocus Value; with a price of $344.46 and a GuruFocus Value of $486.29, the price-to-GF-Value ratio stands at 0.71.

The GF Value is a proprietary intrinsic value estimate from GuruFocus, which is determined by historical trading multiples such as price-earnings ratio, price-sales ratio, price-book ratio, and price-to-free cash flow, an adjustment factor based on the company's historical returns and growth, and future business performance estimates provided by Morningstar analysts.MongoDB Inc's business model focuses on providing a database that is scalable, flexible, and able to meet the needs of modern applications. The platform is designed to support a wide range of data types and to allow developers to build and scale applications more easily and efficiently. The company's services are used by a variety of organizations across different industries, including technology, financial services, healthcare, and retail.The insider's recent sale may be of interest to investors and analysts who closely monitor insider trading activities as an indicator of confidence in the company's prospects or for other strategic reasons. However, it is important to consider the broader context of the company's financial performance, market conditions, and individual circumstances of the insider when interpreting such transactions.

Warning! GuruFocus has detected 4 Warning Signs with ZUO.

This article, generated by GuruFocus, is designed to provide general insights and is not tailored financial advice. Our commentary is rooted in historical data and analyst projections, utilizing an impartial methodology, and is not intended to serve as specific investment guidance. It does not formulate a recommendation to purchase or divest any stock and does not consider individual investment objectives or financial circumstances. Our objective is to deliver long-term, fundamental data-driven analysis. Be aware that our analysis might not incorporate the most recent, price-sensitive company announcements or qualitative information. GuruFocus holds no position in the stocks mentioned herein.",0.09188034188034189,0.37585470085470085,Neutral,0.9999958276748657,0.4006239220322419
MDB,2024-04-04,"MongoDB Inc (NASDAQ:MDB), the leading modern, general-purpose database platform, has reported an insider selling event. According to a recent SEC filing, President & CEO Dev Ittycheria sold 17,160 shares of the company on April 2, 2024. The transaction was executed at an average price of $348.11, resulting in a total value of $5,972,107.60.

MongoDB Inc is known for its MongoDB database, which is designed to unleash the power of software and data for developers and the applications they build. The company's database platform has been widely adopted across a range of industries due to its scalability, performance, and ease of use.

Warning! GuruFocus has detected 4 Warning Signs with ZUO.

Over the past year, Dev Ittycheria has sold a total of 489,953 shares of MongoDB Inc and has not made any purchases of the stock. This latest transaction continues a pattern of insider selling at the company, with a total of 65 insider sells and no insider buys occurring over the same timeframe.

On the day of the insider's recent sale, shares of MongoDB Inc were trading at $348.11, giving the company a market capitalization of $24.749 billion.

The stock's price-to-GF-Value ratio stands at 0.72, with a GF Value of $486.29, indicating that MongoDB Inc is significantly undervalued according to GuruFocus's intrinsic value estimate. The GF Value is determined by considering historical trading multiples, a GuruFocus adjustment factor based on the company's past performance, and future business performance estimates provided by Morningstar analysts.

The insider trend image above reflects the recent selling activity by insiders at MongoDB Inc, providing investors with a visual representation of the insider transactions over the past year.

The GF Value image provides a graphical view of MongoDB Inc's current stock price in relation to its GF Value, offering insight into the stock's valuation from GuruFocus's perspective.

Investors and analysts often monitor insider selling as it can provide valuable insights into a company's internal perspective. While insider selling does not necessarily indicate a lack of confidence in the company, it is one of many factors that shareholders may consider when evaluating their investment.

This article, generated by GuruFocus, is designed to provide general insights and is not tailored financial advice. Our commentary is rooted in historical data and analyst projections, utilizing an impartial methodology, and is not intended to serve as specific investment guidance. It does not formulate a recommendation to purchase or divest any stock and does not consider individual investment objectives or financial circumstances. Our objective is to deliver long-term, fundamental data-driven analysis. Be aware that our analysis might not incorporate the most recent, price-sensitive company announcements or qualitative information. GuruFocus holds no position in the stocks mentioned herein.",0.03196428571428571,0.34214285714285714,Neutral,0.9999949932098389,0.41774648281815563
